{
    "1": {
        "categories": {
            "Fashion": 10.0,
            "Books": 1.18
        },
        "hashtags": {
            "shirt": 10.0,
            "clothing": 10.0,
            "fashion": 10.0,
            "novel": 1.18,
            "study": 1.18,
            "reading": 1.18
        },
        "embedding": {
            "fashion": 68.0,
            "shirt": 20.0,
            "clothing": 20.0,
            "product": 20.124,
            "5": 18.0,
            "high": 4.4719999999999995,
            "quality": 4.4719999999999995,
            "number": 4.4719999999999995,
            "for": 4.4719999999999995,
            "testing": 4.4719999999999995,
            "recommendation": 4.4719999999999995,
            "systems": 4.4719999999999995,
            "books": 5.664000000000001,
            "novel": 2.36,
            "study": 2.36,
            "reading": 2.36,
            "2": 2.1239999999999997
        }
    },
    "2": {
        "categories": {
            "Sports": 148.20000000000002,
            "Mobile": 62.400000000000006,
            "Home": 15.4,
            "Electronics": 45.6,
            "Gaming": 22.599999999999998
        },
        "hashtags": {
            "sports": 77.30000000000001,
            "football": 86.8,
            "cricket": 73.7,
            "mobile": 24.0,
            "smartphone": 62.400000000000006,
            "iphone": 24.0,
            "home": 15.4,
            "appliance": 15.4,
            "kitchen": 15.4,
            "outdoor": 132.3,
            "training": 74.5,
            "smart": 10.4,
            "tv": 10.4,
            "electronics": 45.6,
            "mouse": 22.599999999999998,
            "monitor": 22.599999999999998,
            "rtx": 22.599999999999998,
            "camera": 38.400000000000006,
            "android": 38.400000000000006,
            "speaker": 35.2,
            "headphones": 35.2
        },
        "embedding": {
            "sports": 865.9600000000002,
            "football": 173.6,
            "cricket": 147.4,
            "product": 529.56,
            "8738": 28.619999999999997,
            "high": 117.68,
            "quality": 117.68,
            "number": 117.68,
            "for": 117.68,
            "testing": 117.68,
            "recommendation": 117.68,
            "systems": 117.68,
            "mobile": 347.52000000000004,
            "smartphone": 124.80000000000001,
            "iphone": 48.0,
            "8786": 43.199999999999996,
            "home": 104.72000000000001,
            "appliance": 30.8,
            "kitchen": 30.8,
            "7949": 27.72,
            "outdoor": 264.6,
            "training": 149.0,
            "5895": 17.099999999999998,
            "electronics": 310.08000000000004,
            "smart": 20.8,
            "tv": 20.8,
            "9949": 18.72,
            "gaming": 108.48,
            "mouse": 45.199999999999996,
            "monitor": 45.199999999999996,
            "rtx": 45.199999999999996,
            "8": 40.67999999999999,
            "camera": 76.80000000000001,
            "android": 76.80000000000001,
            "7": 69.12,
            "68": 50.39999999999999,
            "38": 53.63999999999999,
            "21": 56.879999999999995,
            "16": 60.11999999999999,
            "speaker": 70.4,
            "headphones": 70.4,
            "10000": 63.36
        }
    },
    "3": {
        "categories": {
            "Sports": 10.0,
            "Fashion": 11.799999999999999,
            "Books": 46.599999999999994,
            "Fitness": 7.7,
            "Gaming": 73.2,
            "Mobile": 37.5
        },
        "hashtags": {
            "cricket": 10.0,
            "outdoor": 10.0,
            "training": 10.0,
            "clothing": 11.799999999999999,
            "fashion": 11.799999999999999,
            "style": 11.799999999999999,
            "education": 13.599999999999998,
            "reading": 46.599999999999994,
            "study": 46.599999999999994,
            "protein": 7.7,
            "running": 7.7,
            "fitness": 7.7,
            "gaming": 73.2,
            "rtx": 26.7,
            "monitor": 73.2,
            "novel": 33.0,
            "smartphone": 37.5,
            "camera": 37.5,
            "android": 37.5,
            "mouse": 46.5
        },
        "embedding": {
            "sports": 48.00000000000001,
            "cricket": 20.0,
            "outdoor": 20.0,
            "training": 20.0,
            "product": 336.23999999999995,
            "507": 18.0,
            "high": 74.72,
            "quality": 74.72,
            "number": 74.72,
            "for": 74.72,
            "testing": 74.72,
            "recommendation": 74.72,
            "systems": 74.72,
            "fashion": 80.24,
            "clothing": 23.599999999999998,
            "style": 23.599999999999998,
            "1005": 21.239999999999995,
            "books": 223.68,
            "education": 27.199999999999996,
            "reading": 93.19999999999999,
            "study": 93.19999999999999,
            "2922": 24.479999999999993,
            "fitness": 52.36000000000001,
            "protein": 15.4,
            "running": 15.4,
            "755": 13.86,
            "gaming": 497.76,
            "rtx": 53.4,
            "monitor": 146.4,
            "4": 48.059999999999995,
            "novel": 66.0,
            "2": 59.39999999999999,
            "mobile": 180.00000000000003,
            "smartphone": 75.0,
            "camera": 75.0,
            "android": 75.0,
            "7": 67.5,
            "mouse": 93.0,
            "9997": 83.69999999999999
        }
    },
    "4": {
        "categories": {
            "Mobile": 5.0,
            "Gaming": 5.8999999999999995
        },
        "hashtags": {
            "smartphone": 5.0,
            "camera": 5.0,
            "android": 5.0,
            "gaming": 5.8999999999999995,
            "keyboard": 5.8999999999999995,
            "mouse": 5.8999999999999995
        },
        "embedding": {
            "mobile": 24.000000000000004,
            "smartphone": 10.0,
            "camera": 10.0,
            "android": 10.0,
            "product": 19.619999999999997,
            "7": 9.0,
            "high": 4.359999999999999,
            "quality": 4.359999999999999,
            "number": 4.359999999999999,
            "for": 4.359999999999999,
            "testing": 4.359999999999999,
            "recommendation": 4.359999999999999,
            "systems": 4.359999999999999,
            "gaming": 40.12,
            "keyboard": 11.799999999999999,
            "mouse": 11.799999999999999,
            "9998": 10.619999999999997
        }
    },
    "5": {
        "categories": {
            "Laptop": 5.0,
            "Fashion": 5.8999999999999995
        },
        "hashtags": {
            "intel": 5.0,
            "amd": 5.0,
            "ram": 5.0,
            "style": 5.8999999999999995,
            "shoes": 5.8999999999999995,
            "clothing": 5.8999999999999995
        },
        "embedding": {
            "laptop": 24.000000000000004,
            "intel": 10.0,
            "amd": 10.0,
            "ram": 10.0,
            "product": 19.619999999999997,
            "9843": 9.0,
            "high": 4.359999999999999,
            "quality": 4.359999999999999,
            "number": 4.359999999999999,
            "for": 4.359999999999999,
            "testing": 4.359999999999999,
            "recommendation": 4.359999999999999,
            "systems": 4.359999999999999,
            "fashion": 28.32,
            "style": 11.799999999999999,
            "shoes": 11.799999999999999,
            "clothing": 11.799999999999999,
            "9857": 10.619999999999997
        }
    }
}